accuracy,auc,loss,precision,recall,val_accuracy,val_auc,val_loss,val_precision,val_recall,learning_rate
0.69804447889328,0.816234827041626,1.0740159749984741,0.9095441699028015,0.6590967774391174,0.625,0.9765625,1.265986442565918,1.0,0.25,9.999999747378752e-05
0.8105828166007996,0.9355608820915222,0.8512963652610779,0.972813606262207,0.7664515972137451,0.6875,0.984375,1.085805892944336,1.0,0.375,9.999999747378752e-05
0.8502684235572815,0.9513629674911499,0.7913946509361267,0.9754148721694946,0.8190968036651611,0.8125,1.0,0.9409226179122925,1.0,0.625,9.999999747378752e-05
0.8665643930435181,0.9581211805343628,0.7521977424621582,0.97152179479599,0.8451613187789917,0.8125,1.0,0.8664437532424927,1.0,0.625,9.999999747378752e-05
0.8820935487747192,0.9632644057273865,0.7191822528839111,0.9766082167625427,0.8619354963302612,0.8125,1.0,0.7863679528236389,1.0,0.625,9.999999747378752e-05
0.8889954090118408,0.9685710072517395,0.6886385679244995,0.9776811599731445,0.8704516291618347,0.8125,1.0,0.7472162842750549,1.0,0.625,9.999999747378752e-05
0.8993481397628784,0.9706544280052185,0.6686205863952637,0.9747732281684875,0.8874838948249817,0.875,1.0,0.7110939621925354,1.0,0.75,9.999999747378752e-05
0.9041411280632019,0.9708897471427917,0.6568295359611511,0.9746835231781006,0.8941935300827026,0.875,1.0,0.6236398220062256,1.0,0.75,9.999999747378752e-05
0.9187116622924805,0.9769479036331177,0.6225022673606873,0.9818486571311951,0.9073548316955566,0.875,1.0,0.6131484508514404,1.0,0.75,9.999999747378752e-05
0.9229294657707214,0.977382481098175,0.6108529567718506,0.9798286557197571,0.9150967597961426,0.875,1.0,0.6055965423583984,1.0,0.75,9.999999747378752e-05
0.925230085849762,0.9770362973213196,0.6034902334213257,0.979103684425354,0.9189677238464355,0.9375,1.0,0.5508710145950317,1.0,0.875,9.999999747378752e-05
0.9223542809486389,0.9787032008171082,0.5885767340660095,0.981142520904541,0.9130322337150574,1.0,1.0,0.5057518482208252,1.0,1.0,9.999999747378752e-05
0.9246549010276794,0.9809162020683289,0.5754443407058716,0.9780340194702148,0.919225811958313,1.0,1.0,0.5077199935913086,1.0,1.0,9.999999747378752e-05
0.9261886477470398,0.9804021716117859,0.5689544677734375,0.9793956279754639,0.9200000166893005,1.0,1.0,0.49221235513687134,1.0,1.0,9.999999747378752e-05
0.92695552110672,0.9782499670982361,0.5719791054725647,0.9773223996162415,0.923096776008606,1.0,1.0,0.4955192804336548,1.0,1.0,9.999999747378752e-05
0.9344325065612793,0.9819220900535583,0.5446541905403137,0.9812040328979492,0.9295483827590942,1.0,1.0,0.5065382122993469,1.0,1.0,9.999999747378752e-05
0.9365414381027222,0.9857448935508728,0.5232234001159668,0.9836244583129883,0.9300644993782043,1.0,1.0,0.4540724456310272,1.0,1.0,9.999999747378752e-05
0.9375,0.9841399192810059,0.520280122756958,0.983383297920227,0.9316129088401794,1.0,1.0,0.4644010066986084,1.0,1.0,9.999999747378752e-05
0.9330905079841614,0.9835041165351868,0.519661545753479,0.9780368804931641,0.9308387041091919,1.0,1.0,0.43647730350494385,1.0,1.0,9.999999747378752e-05
0.9361580014228821,0.98401939868927,0.5107369422912598,0.9815117120742798,0.9316129088401794,1.0,1.0,0.4387182593345642,1.0,1.0,9.999999747378752e-05
